0###То, как я ебашу, считаю это спортом Е, то, как мы ебём игру, можно было б снять порно
1###Porsche стоит снаружи греется на солнце (Е) Ты нас ненавидишь, ха-ха, мы подонки (Ха, ха, ха)
1###Котлы за пять лямов, и они ща on me (У-у) Взял братишке тоже, ведь я помню свои корни (Да)
1###Малолетка хочет движа, но я для этого уже старый Меня не врубят по радио — для них я уже странный 
1###Я даже не буду говорить в лицо — музыка за меня скажет (Да) Малая ругается, так просит трезвости, но я всю жизнь на грязном 
0###Гикаю, мажет, но похуй, это моя жизнь, буду петь об этом в каждом треке (Эй, эй) Гикаю, мажет, но похуй, я сияю ярче всех даже сзади на бэке
0###Я раньше был ебаный броук Теперь я легенда, я G.O.A.T
1###Поэтому джазик-ванилька Я в тебя влюблён, ты выглядишь стильно
1###Как такое может быть Что тебя забыть Я не могу, не могу тебя забыть
0###Лин в системе — да, мы взломаны  Нахуй шампунь, люблю жирные головы 
1###Вокруг тебя так много фальшивых лиц Я не понимаю, будто это блиц
1###Ты не зазвучишь как я, даже если поставишь мой пресет  У меня фэны везде, даже в самой жопе мира ждут мой приезд
0###Крошу пятак на пятак, сверху добавляю кифа Ща я скручу косяк размером рога носорога
1###На улице холод, в моей реальности только ты согреваешь меня своими объятиями На улице всю жизнь, малая, поэтому все мои треки примерно одной и той же тематики
0### Я курю косяк,я нюхаю бабину,пыхаю шмаль
0###Бро, покурили — глаза узкие теперь, как Шин  Если мы видим мусоров, то слышишь скрежет шин
0###Я был ровным, но меня поменял косяк Урчит животик — я дал три бонга натощак
1###Во мне нет сомнений, даже малейших  Ты сейчас слушаешь двух самых мощнейших 
0###Не технари, но можем позволить себе колёса (Тачки) Ты ювелир, пока я ебу твою суку в дёсна 
0###Бросил курить калик, да, я спутал его с сукой  Трахнул рэп-игру, да, я спутал её с сукой 
0###Ты не хочешь со мной дыма, я — укурок  Я сипую этот лин, ищу себе новый желудок  Со мной OG Buda, да, я тот ещё ублюдок 
1###Чё, хочешь поджарим твою жопу  У твоей мамы будет горе
0###Эй, съел маме киску, сделал приятно, у, нахуй веганов Сука на мне, она хочет больше  Тощая сука — мне нужна потолще
1###Я так боюсь, что скоро хоронить бабулю Бабки превратили меня в деда — я теперь сутулюсь
1###Е, е, я надеюсь, ты поднимешь кэш, но знай — счастье не купишь Бро, надеюсь, ты поднимешь кэш и меня не всучишь
0###Твой-Твой-Твой понт — это ебать тёлку, которую ебал каждый Мой понт — это ебать тёлку, которую ебали однажды
0###Её вагина была охуенная — я оттуда не вытащил У моего бро передоз, и я облил кипятком его ноги
0###Сильно хотел трахаться — я вдул уродине  Потом ходил парился, типа ну я и уёбище
0### Курим бошки, она крутит джойнт Твоя блядь сейчас со мной
0###Всё берёт, бля, в рот  Жрёт моих детей  Сука — людоед
0###Я взрываю постоянно, будто plant B Кончил на лицо, и ей не нужен plan b
0###Со мной стая горилл, а ты ебаный гамадрил  Ебёмся с пацанами на битах, как Homo Drill
1###Со мной Рамзи не Гордон, но он тебя поджарит  И мы ща с пестиками — это только цветочки
1###Передо мной все двери открыты, я как фомка  Мы виделись однажды, теперь у неё ломка
0###Ебу игру, пока вы ноете как целочки (Как сучки) Трахал суку часик
0###Могу дропнуть хуйню, её все равно нормально примут  Хожу с пятнашкой в трусах, паранойю, что меня примут
1###Пришёл доход, он греет, словно мамина улыбка Я скинул его ей, ведь я люблю мамулю сильно  Не верила раньше, а щас сильно мной гордится 
1###Я вытру ему сопельки, он орёт, что он слайм  Она вчера стала элитой, её жизнь поменял мой лайк
0###Не играю с ноздрями, играю с пёздами  У этой суки в голове дырка — она дельфин
0###Будешь пиздеть — я приеду с убийцами с Выхино  Они пиздят стилёк, это так очевидно 
0###Говорю хуйню на бите, да, мой рэп похабный Хватит выебонить на меня, я дам те ща по харе
0###Говорю хуйню на бите, да, мой рэп похабный Хватит выебонить на меня, я дам те ща по харе
1###Какой-то тип говорит, я его братик — парень, кто ты? Дайте кто-нибудь счётчик, не могу посчитать банкноты
0###Моя бывшая ща богатая, ёбаный в рот, мне обидно Ведь я мог ни хуя не делать и жить по кайфу как гнида
0###Кто там чё пиздел на пиздюка — вы просто лузеры Дал дунуть азиату, его глаза ещё больше сузились 
1###Чел врубил свой трек — я впервые услышал звук какахи  В этой шайке рэперов пятьдесят процентов бреда и страха
1###Спросил твоего любимого рэпера за стиль, но ответ был скомкан В этом во всём не было б смысла, если бы я шутил не колко 
0###Предъявите паспорт, зубы этой суки чаще видят хуй, а не зубную пасту Могу спиздить бар, сказать типа: «Я true, не копипастю»
0###Я гетто-мальчик, перед тем, как сунешь в неё хуй, засунешь в письку пальчик Перед тем, как меряться со мной хуями, посмотри на мой
1###Включи музыку погромче, двигай телом, я люблю это  Шоты, алкоголь, текила, детка, я куплю это
1###Я захожу в клуб, они палят сильнее, чем солнце Я тут не выступаю, ощущение «Это мой концик»
1###Всегда был таким, даже когда я был босым  Дар красиво говорить был мне с неба послан
0###Пришёл забрать ту, что будет сёдня на моём конце Пришёл забрать ту, в чью мои пальцы зайдут как в кольца 
1###Сёдня все пьяны любовью, даже кто не любит  Напитки покрепче, как Звери, но мы люди  Что сегодня будет? Кого-то сегодня отлупят 
0###Уберите камеру от моего ебала, мне так неприятно Я обкуренный читаю рэпчик, ничё не понятно 
0###Я заскамил мамонта, я думаю, он был в Тольятти Я такой объёбанный, я дую, будто вентилятор 
1###Я готов ради тебя купить всю планету Только пожалуйста, не надо давить мне на нервы 
0###Хочу тебя трахать , я хочу тебя трахать  Я хочу тебя трахать , я хочу тебя трахать 
0###Е, и я трахал шлюху, чтоб убрать тебя из головы  Но когда ебал её, я представлял, что это ты
0###Детка меня любит, похуй ей, что я мошенник Поработай горлом — куплю камни прям на шею
1###Хочу приблизить это, нужен zoom Много не думай и просто расслабься
1###Потому что наша любовь возникла до того Как ты увидела единицу и ещё один ноль
1###И знаю, ты мне поверишь, если я скажу, что люблю делать это только с тобой  Скажи мне, в чём смысл этих цифр, если ты одинок? 
0###Убили его в ноябре, он ушёл спать, будто медведь Моя бывшая нюхает кокаин, она ща не жирная
1###Начал пандемию, ща твой компик заражён У меня есть два пути, быть богатым или бомжом
0###Заскамил негра на три К бачей, я из KKK Она не хочет мне сосать, она говорит: «Хуй побрей»
0###Выебал телку в доме её папы Я мог умереть в тот момент, пока я её трахал Я больше не хочу её ебать, она плохо пахла
0###Налил твоему двухлетнему ребёнку водку, и он умер Мы отымели её вдвоем, и потом ты делал ей куни
0###Я укуренный на студии, не могу найти микрофон Дал по ебалу моей тёте, она нюхала мефедрон
1###Я мучу бабки, но не образован Рэперы — ноги, я парализован
0###Дал кенту метадон, бля, он ща зомби Я хотел кого-нить убить, ведь я покурил химаря
0###Включил тёлке мои треки, она нихуя не поняла Лижи мои яички, ты, а-а
0###Кончил ей на рожу, говорю: «Это мой автограф» Ты не понял эту хуйню, бля, включи её повторно
0###Две пули ему в ебало, чтобы он не выжил после смерти Бабушка меня крестила, один хуй, во мне черти
0###Мой хуй такой большой, я могу сделать се минет Я получаю деньги, дайте только интернет Перья на мне, как будто бы я петух
0###Кончил на живот, потом ты это вытирал Где моя мораль, бля, я её потерял
0###Твоя телка мертвая в кровати, будто бы покойник Мой бро продает на гидре, а ты всё ещё в переулке
0###Бля, это шутка, удали нахуй, я нечаянно, я люблю Украину и Польшу тоже
1###Ты разбила мне сердце Тут всё в осколках, детка, как мне его склеить?
1###Ты знаешь, надежда умирает последней Она со мной, но всё не то, верни меня назад
1###Да, я мудак, но ты же можешь меня понять Хочу назад, эй, дай мне шанс, дай это доказать
1###У людей в Африке нет воды, возьми мои слёзы Раньше я делал грязь, теперь я посадил в ней розы
1###У меня так много вариантов, но не надо Ведь я хочу только, чтобы ты была тут рядом
1###Брат на закуси, чувствую по голосу Ехал медленно, я просто сменил полосу
1###Ты хочешь сказать, я не дал тебе прав Говоришь, ты мой брат, но ты был мне не рад Не могу доверять и опять, и опять
0###Я ебал дочку бандита, меня ща ищут в Петербурге У меня в руках ТТ, мне похуй, я тя бить не буду
1###Я получил один миллион, отправлю бате половину (Держи) У меня эффективный портфель, как будто я отличник в школе
1###Ощущение, что деньги вечно буду получать  Кинь мне обнажённые фотки, тогда буду отвечать
1###Я не могу найти точку входа, будто я девственник У меня вложения в нефть и ещё в крипту
0###Две палки я кинул — потом я ушёл Возьми его в рот, делай мне хорошо Возьми его в рот, ведь хочу я ещё
0###У твоей тёлки огромная дырка, я могу войти в неё кулаком Ты её любишь, а я её трахал, парень, каково быть мудаком? (Лох)
0###Я хочу выебать тебя прям ща, я не буду ебать потом Ты раньше был сукой, а щас ты жёсткий, как будто трансгендер
0###Я наебал цыганку — она этого не предсказала У меня отпали брекеты, когда мне дали по ебалу
0###У моего бро белые линии, как будто он дорожный рабочий Я понюхал три полосы, у тебя не было похожих побочек
0###Эта шлюха одноразовая, будто HQD На мне так много украшений — дайте две груди Он принял две таблетки, хуй знает, как он погиб
0###Эй-эй-эй, я ёбаная падла Я проебал двести к рублей на аборты — это правда
1###Клянусь мамой — я не стану геем Обожаю девочек (Люблю), двенадцать к за yeyo
1###Малая много говорит, только ей не верю я Просит ещё палку, я кинул в неё дерево Морожу всех профессионально, будто родом с Севера
0###Да, я хороший парень на самом деле, это мой Калашников полный уёбок Чувствую пиздёж
0###У меня братик отъебал мою тёлку — он мне важней, на него не обижен Дую шары уже два дня подряд и я так отупел, подарите мне книгу
1###Я получил один лям за месяц только на  шоу У меня новый тюрбан, в нём кашемир ишёлк
0###Я помню, я был проёбан, shoutout моему компьютеру Ты ебашил на работе, а я был онлайн bruter'ом
1###Это было, в натуре Тёлочка горячая, будто у неё большая температура (М) Я придумал новый метод, я ща умножаю купюры
0###Я рассказывал домашку, под губой был насвай Училка такая: «Чё за хуйня?» — я ничё не мог назвать Я такой объёбанный, не могу читать, я спать
0###Ты ебаный бич, у тебя нет правды, у тебя бабок мало  Нахуй мне работа? Я получаю бабки на клаве
1###Я слышал, у тебя не было мамы, ты вылез из пробирки Делаю дождь из денег, дайте мне кто-нибудь зонтик
1###Я получаю большие деньги, но я даже не образован Я не видел твой гэнг, походу, он даже не образован 
0###Говорю хуйню лучше тебя, бля, у меня другой рот (Пизже) Моя новая тёлка сосёт лучше, у неё другой рот (Пизже)
0###Он выебонил на меня, в итоге я утопил его в ванне Жопа твоей шлюхи воняет, бля, ей надо быть в ванне
1###Ты думал, это мой номер, но это баланс на моей карте (Деньги) Я включил VPN, теперь меня не найти на карте
1###Говорю бате, я вернусь домой только на Ауди Не делал ничего необычного, твоя жизнь банальная Я получаю деньги в инете, моя жизнь виртуальная
1###Мои подмышки воняют, дайте мне кто-нибудь дезик Не хочу получить ВИЧ, дайте мне кто-нибудь презик
0###Лучше подумай головой, пока я тебе по ней не уебал Я отрезал хуй и потом ей в футбол играл
0###Я еблан по жизни, но эти люди думают, что я пьяный Я скамил так много, бля, походу, лопнули капилляры
0###Ебал твою тёлку на твоём диване и кончил на подушку Две шалавы, одна хотела детей, но кончил на подружку 
1###На мне так много грязи, дайте мне кто-нибудь крем Nivea В школе тебя оставили на второй год, но ты не стал умнее
1###Мои пальчики работали на клаве, я подарил им колечко
1###Я как будто житель из Майнкрафта Когда я играю в футбол, я получаю там только карты
0###Ты ебанная мышь, я знаю, ты давал ментам наводку Испортил мой хуй, когда давал твоей шалаве на глотку Что ж, дайте мне новый хуй
1###Да, у меня маленький кулак, но зато он бьёт точно Батя уходит из дома, но я знаю, он придёт ночью
1###Я был на фондовом рынке — вот почему я пропускал первый урок в школе
0###Бля, мужик, мы ж тебя убьём нахуй, я тебе говорю
1###Они боятся женщину, но о чём вообще базар?  Будешь в каждых новостях, мы тебе сделаем пиар
0###Ты от неё без ума, она сосала мне за 50к
0###Занимался боксом, пиздил КМСа Кунг-фу
1###Бабки надо возвращать в указанную дату  Приезжай на точку, будем всё решать по факту
0###Факт участия Гоги уже на её губах  Факт ненужной суки уже на её щеках
0###Пару водников с типом, у кого целый дом сирот  И сама лезет ко мне, походу в ход пошёл азот
0###Меня возбуждает тело — соблазнён её эротикой  Убери свою пукалку — у тебя в кармане дротики
0###Пять шалав в групповом чате, но все едут в одно гео
0###Е, мой бро ебётся жёстко — BAELI, ответь в Direct  Я хочу выебать Гаврилину, но надо на Пхукет
1###Это всё было понарошку, просто кинул вам привет
0###Закрой ебальник, если ты по выходным меняешь окна
0###По шалаве всё понятно, если на меф у неё триггер  Он кричал нам: «Фарту масти», но сам понятийный пидор
0###О чём читаешь, долбоёб? Найди у своей тёлки клитор
0###Батя — депут, и мне похуй, я могу гонять без прав  Твоя сука сейчас рядом, и она даёт свой зад
0###Тупой мусор идёт на хуй, ведь увидел мою корочку  Хата в центре города, я ебу его тёлочку
0###Я нюхал кокс с его дочкой на Патриарших прудах
0###Да, мы дети депутатов  И нам похуй на игру блядь
1###Отведу её в кино  И после возьму я за ручку
0###Я потрачу очередной налик, блядь, на шлюху  Сука доет с меня деньги, потому что я еблан
0###Утром мне сосала милфа, чувствую себя лениво   Пидор, неси бабки, живо, сука, неси презик, живо 
0###Твой братик на земле, он охуел от моей точности   Контакты в телефоне, охуеешь от возможности
0###На моей руке кресты, на кровати две пизды
0###Ты узнаешь вкус мочи, так что лучше помолчи  Сука сосёт у меня, ведь вы ебанные бичи
1###Двушка баксов, чтобы Инста-блоггерша сняла ремень
0###Минимум полтос за день. Её трахать? Бля, мне лень   На его ебле мишень, брик из Перми едет в Тюмень
1###Я поднимаю кэша много, грязно, повзрослел так рано
0###Красный лазер у ебала — следит за твоим базаром
0###Банда в этой суке, вся банда в этой суке
0###Белые будут пиздеть, и мы отрубим им руки
0###Это bounce в этой суке, я курю в этой суке, эй
0###Ебанём их в клубе , эй, прямо в этом клубе  Позовите 112  насилие в этой суке, эй
1###Посмотрел на брюллик, эй  Это целый бургер, эй  Слайдим в реальной жизни, 
1###Брюллы светят, брюллы флексят на тяжёлом свэге   Думаю, что я самый горячий белый на свете
1###Я трачу два мульта на один прикид, эй  Кинь свою локу, и мы обнесём твой
0###Кирпичи на кирпичи, хаслю с шалавы филки  Кирпичи на кирпичи, он не толкает плитки
1###Перейдёшь дорогу — сам устроишь себе пытки
1###Опер нашёл кровь на квартире , хотя пол, вроде, мыт 
0###Не стопай этот бит , я хочу в него кончить   В её инсте два ляма, но она ебалась за за мой кирпич
0###И сука, даже не подумав, сразу выбрала два члена
0###Хочешь ей купить Ferrari — она сосёт мне за Ferrero   Я хочу ставить кресты , братан, мне до пизды  пизды
1###Теперь он может шуметь ночью — его соседи — кроты
0###Угадай, почему он лежит в крови  От моего бланта у суки ОРВИ
0###Нахуй разговор с никчёмными шалавами  Со мной юная студентка, мы развлекаемся травами
0###Мусора пиздец как бесятся, ведь не ебусь со штрафами   Я не ебусь с дырявыми
0###Спускайся вниз и делай это, не базарю о любви  Сука, передавай мне блант, у тебя признак болезни
0###Да мы постатусней мажоров, мы богатые хуи  Шлюха едет из Перми, чтоб завязать мои шнурки
0###Ты дырявый пидорас, сейчас будешь танцевать в цирке   Опп на матроске — его выебут после прогона
0###Мы знаем, где она растёт и мы въебём твои салоны  Въебал пол ляма в казино за ночь, пока дули баллоны
0###Закрой ебальник и садись в обосанный Hyundai Solaris
1###Жизнь в сити после окопов, как приехать на оазис
0###Секрет успеха просто в том, то что я продаю каннабис
0###Хотя может, я напиздел  Я тусуюсь с ебанатами, но не сижу без дел
1###Включены обе мобилы, но не отвечу на тел
1###Я гоняю на том, то что делает меня богаче  Они гоняют на студос, но дома решают задачи
1###Он пытается копировать — завидуют подаче
0###Не хочет давать топ, но ночью брала в рот  И да, этот белый броук, давай, съебался со всех ног
1###Не боюсь грязных банкнот и не боюсь вернуться в броук
1###У меня вырубают те, у кого вырубают
0###И мне противно с твоей музыки, пожалуйста, выпились  И я пытался ничё не хавать, но Oxy' сами выпились
0###Время ёбнуть человека  Время ёбнуть (Убить его нахуй)
0###Я слышал то, как ты пиздишь, и как тебя бросает в дрожь  И как твоя сука сосёт, я знаю
0###Я знаю, его сука любит yayo Нахуй наркоту, но всё равно останусь с нею
1###Он поставил себе крест своим базаром Есть номер в телефоне, всё решит, но на пожарном
1###Сам помнишь кто на мне, и кто сказал что я урод Ему скоро двадцать шесть, а он всё в поиске работ
1###Не люблю базар в инете, го решим вопросы в real
0###Моча в бутылке вока, что купил и что ты пил Не жрал ниче пять месяцев, снится как кинул pill
1###Эйфория от эмоций, я уже почти на звёздах Знаю типов кто держит город, кто реально имеет
1###Видел, что ты писал: совет, бро, лучше удали Бабки из Америки переводят в рубли
1###Поставь моё музло в Rolls-Royce, а можешь и в Жигуль 
1###Не первый раз встречаю, как за мной едет патруль Кузов под цвет моего худи, и я прыгаю за руль
0###Секрет успеха трушность, и что всё на отъебись Все будет заебись, братанчик, больше не боись
1###Я не последний человек, можешь попробуй дотянись
1###Спасибо, сироп, и салют, пажики Бэйби не смущает то, что я для неё маленький
1###Запястье 20к — это не рэп, это не папины  Мои братья на бабле, они питаются лишь крабами
0###Пуссибой реально пусси, он ещё этим гордится Его голова — трофей, я буду ей кичиться
0###Перкосет в шалаве, в организме единица Мне ссыт твоя подруга в уши, что ты ёбаный тупица
1###Лазер на их лица, их треки — небылица  Покажи мне строчки, где я вру, — закину тыщу
0###Сука, ты моя фиса, работай своей кисой
0###Не болтаю с суками о верности, я вру, либо я честный Я вливаю в неё Chester, и на дне этой хуйни лежит два золика, мы вместе
0###И его сестра сосёт мой хуй, я банчил дохуя, потом завёлся рататуй И я двигаюсь на чистом, бро, я даже не курю
1###Мой молодой игрок богаче предков этих фейков Калуга молодой опаснее всех твоих белых
1###В минивене бизнес-класса едем вместе с бейби Кэперы хотят фиты, но нам до этого нет дела
0###Криминал лайфстайл, отображаем его в искусстве Сыну нужен гвап, я стал толкать больше Твой кумир цепляет у меня бошки
0###На моём ебале шрамы — это карма Долбоёбов один хуй накажут, нанесём им травмы
0###Мои броуди ходят с травмой, мои G заряжены Ненавижу пидоров, ты как Kai Angel ряженый
0###Я вспоминаю, что я делаю, ебать я отвратительный Я не буду факать твою суку, она отвратительная Долбоёб будет базарить, значит будем выносить его
0###Я не кидаю нариков на бабки больше  И я не ебу грязных фанаток больше
0###Восемьдесят Oxy' переводит меня в slow Пока мы high, все эти лохи на low
0###Я меняю сук как флоу, мой чек оставит шоу Не верю в любовь сук, ведь цифры ставят женщин на колени   
0###Тридцать-двадцать bean'ов, этот черный белый, как таблетки Не буду скрывать, я люблю трахать сук
0###Не буду скрывать, но я ща кинул круг Все белые врут, и их суки мне сосут, окей Я в авиа-режиме они наблюдают труп
1###Я люблю делать наличные , переходить на личное
0###О, блять, смэшил её груди, е Чёрт ты блять, нахуй
0###«Пау-пау» прям в его ебало Ты же не такая, тебя полгорода ебало
0###Целуешь её рот, не знал, сколько хуёв видала О-Оппонент на бабках, уехал без номинала
0###Мы тебя отпиздим, похуй, даже если камеры Роллю брату блант, мы везём тело в чёрном
0###Твои пукалки — хуйня, у меня пацаны из армии Палёный Wockhardt долбоёбу, он приносит деньги папины
1###Мы оставим всё в секрете, почему на бабках кровь
0###Я ебал её вчера, сегодня трахает Ванёк Я всего лишь дал леща, ну почему же, блять, он лёг?
1###Ха-ха, ха, все мои пацаны реальные Даже русские друзья теперь питаются хинкалями
0###Даже кореша на Rick'е не ебутся с неформалами Может быть, мы и drug dill'ы, но всё равно, блять, не спалены
1###Надо снять два ляма, еду с Ясенево в небоскрёб Чел завтракает в Кофемании, бабки еле наскрёб
1###Брат реально лежал в коме? Хм, я думал это стёб Ха-ха, слёзы его мамы — смех
0###Мы с ней знакомы два часа, уже прыгает на мой шест И если ты ушёл живым, то считай это добрый жест
0###Заморозь своё ебало, долбоёб 
1###Время пять утра, еду с Ясенево в небоскрёб Мама говорила в детстве, жизнь — это не мёд
0###Моя жизнь — это шалава, та которую я ёб I don't play this game, но азарт по моим венам
0###Она мутит с долбоёбом, но ебется с бизнесменом Baby Melo, я причина, что на её коленях синяки
0###Снимая с той суки чулки, я поджигаю брату джоинт На мне новые очки, эти ебланы так легки
1###Я поступаю по-мужски, сделав так, чтобы он не помер
1###Я не виноват, я помогал ей забыть бывшего Похож на папика, но башляет она
0###Дай мне минуту, и я скину тебе твой же дом Дай мне час, и твоя тёлка работает ртом Дай мне сутки, и он будет в асфальте еблом
0###Шлюха-фетишистка даст мне топ на своём катере Пиздят за спиной, я понял, они на характере
0###Говори спасибо маме — родила тебя, еблан Этот гэнгста рэперок будто из ЧВК «Редан»
1###Они не знают долгий путь и почему я сейчас здесь Имеем трафик на центрах, братан, мы выбрались
1###Сколько надо заплатить за то, что освоит урок этот белый? Что если ты в делах, то делай ровно
1###Настоящий G никак не выделяется в толпе Извиняюсь сразу, скоро тебе будет больно
1###Наличка не влезает в портмоне – это уже дефолт Вылезай с очка, ты уже трапишь третий год
1###Бейби, привыкай ко мне, я аморальный урод Сколько надо заплатить за то, что освоит урок?
1###Я хочу видеть твои комментарии под моими постами
1###Может я разочарую – твои белые фейки И может я разочарую – твоя бейби копейки
"0###Скажи спасибо наркоте, то что ты сейчас на мели Переставая жрать ""Оксану"", я, считай, слезал с иглы"
1###У нас с собой много игрушек, но я всегда вне игры Цени этот момент, пока я рядом
0###Его девка, как собака была напичкана ядом Пять утра до шести вечера скакала на хуе
0###Лучше б сделала аборт, пока ещё был такой варик Будем ебать тех, кто кривой, ведь это наш город – Москва
1###Бейби младший брат – фанат, на меня очень сильно палит
0###Я буду ебать каждого барыгу, кроме своих, сука Лучше б сделала аборт, пока ещё был такой варик
0###Ты красивая фанатка, приезжай-ка на Кутузу Шлюха из дешевых будет лизать мои шузы
1###И свободу пацанам, у кого все виною тупость
0###Говорит что она целка, буду проверять на тугость Мой хуй в её поцелуях, в ее шее мои органы
1###Лень ехать до Ясенево, сплю в дорогом номере Я не трогаю семью, ведь все его родные померли
0###Я люблю делать бабло-ло Кончать ей на ебло-ло
0###Я хочу её ебать с любовью, я даже не пичкал Братик сейчас улыбнись туда — сейчас вылетит птичка
0###Он стучался ко мне в дверь, у меня ствол, вот это стычка! Да, ты ебаный барыга, ну и где твоя наличка?
0###Хочу её в уборной, хочу его на кладбище Это твоя шалава, я роллюсь на её заднице
1###Её не смущает то, что в возрасте есть разница 
0###Ты нахуй такие слова говоришь ваще? Какие слова, блять? Блять, я сам ща тя нахуй зарежу, ты заебал уже
0###Видел то, что он пишет, я сбрею эту шерсть Я взял с собой пару игрушек, киньте мне адрес
1###Передо мной никогда не был так близко успех Не могу видеть слёзы мамы, они смеются мне в лицо
1###Но я накапливаю ману и видно как я поднимаюсь Они знают поднимаюсь, видно как я поднимаю
1###Они знают я считаю, они знают я реальный
0###Они знают я реальный, твоя блядь знает моё имя Передумал тебя трахать, бля, ливай с автомобиля
0###Лью Chandon на её тело, он долбоёб, копи на пиво
1###Богатый по районным меркам, «малолетка из трущоб»
0###И мы слайдим на ебальнике у этого нефора Cartoon уебал типа, опять не дал мне бить первому И я резал, мой брат убивал, не боимся последствия
0###Сука, выбирай Братан, да не жалей его нахуй, ты знаешь, чё он написал в инете про тебя?
0###Тот тип в натуре долбоёб: выбрал шалаву, а не мать Я уже хуй пойми, как её звали: Аня или Кать?
1###Говорит, то что он гэнгста, сдал всех в начале дела Можно всё решить баблом, пока не дошло до отдела
0###Если улыбаюсь, значит, кого-то сёдня ёбнул Битмари кидают хуйню, пришлось самому
0###Если она тебя любила, отсосёт тебе прям в морге
0###Сломаем тебе твою жизнь, расквасим тебе морду Мы знаем за воров — спроси у Стёпы
0###Тот тип в натуре шалава, стреляет последнюю сигу Тебя будут ебать типы, кто не боится кинуть зигу
1###Так боятся его сдать, знают, сделаем грязно
1###Я люблю цифры и люблю их считать Твоя подруга рядом, знаешь о чем буду читать
1###Этот парень трус, он трус и ему хочется бежать
0###И я складывал пакеты, свободу тем, кто сел за белый У меня самый чистый первый, у меня самый лучший первый
1###Не обессудьте у меня просто любовь к цифрам
1###Мои парни вне зоны, а кто-то, может, и на ней Я не могу сидеть без дела после потраченных дней
0###Сука хавает детей, сука, привози блядей
0###Живу без оглядки, не знаю, что будет завтра, и мне похуй Не надо по мне плакать, сука, даже если сдохну
0###Шампанским запил три бара, я в мясо, ну и ладно Слышь, на хуй твою банду, слышь, на хуй твою бабу
0###Играем с этим весом, как будто в футбик Челси Пизда хуёво крутит, дай мне, я сам зароллю
0###Делаю лавеху так, чтоб было дохуя Но не лезь в мой карман — дотронешься хуя
1###Я сказал своим пацанам: «Подождите, сейчас вернусь» Я немного опоздал и под влиянием отчасти прусь
1###Думал, я перестал делать рэп, но нет, я не заткнусь Самый горячий в трапе
1###И чё ты можешь сказать нам? Да, мы все очень приятны Но, если чё, есть лама, я, если чё, Polyana
1###Ты знаешь, что я реальный Номинал в кармане портит чувства, но не даёт задней
0###Час назад для неё был ебланом, щас я идеальный Нахуй мне базарить с чуваком, кто сидит на кристаллах?
0###Если я тебя хуесошу, то, считай, это пиар Ему под тридцать лет, но почему ещё нищий еблан?
0###Я поднял активы и мне похуй, ничего не вкладывал Могу читать, как ты не можешь, тебе в падлу, бро
0###Твоя мадам тебя игнорит, почему-то мне сосет Red dot, на длинный G19, one step и ты закроешь рот
0###Она со мной, она сосёт, она хочет мои цифры Закинул всё на счёт, я не плачу за них
1###Мое запястье крутит, и на нём тоже крутятся блики Я видел твою тусу, бро, не понял, че это за фрики
1###Бр-р-р, гэнг, перелил, теперь мой живот крутится Они хотят делать как мы, сорри, бро, не получится
1###Я синоним слова ужас, на мне синоним слова flex Красно-синие купюры и я снова прыгнул в Benz
0###Те шалавы, что сейчас со мной, они сидят на коксе Его судьбу сейчас определяют кости
1###Не снимаю обувь, даже, когда я захожу в гости Один звонок  окей, дружок, будет манок
0###Я кладу хуй на их бодягу, бро, хочешь сделай глоток Мои суки хотят внимания, они носят Provocateur
0###У меня секса в день больше заходов, чем у эскортниц Это у тебя подделка на руке, ёбаный, не Rolex
0###Я ебал их в рот, их всё, и даже его суку тоже
0###Очень много снега — это метель Раньше был дегустатором у картеля
1###Я в первом классе, будто мы остались на второй год Листаю эти стопки, пока пальцы не сотру в кровь
1###И только светофор имеет право мне сказать «стоп»
1###Машина бизнес-класса и такая же квартира Да, у Яни есть корона, но она не от ковида
1###В куплетах нет воды, на мне есть вода И я делаю шаги, нас ведёт мечта
1###Да, меня нашли в капусте, в моём кошельке салат  Взял се недвижки — это где-то сорок лямов
0###Сука мне пишет, что хочет меня трахать  Бля, пускай скажет мне это в яйцо, brother
0###Дядя начал плавать в туалете, он дохуя крэка выкурил Я украл карту моего кента, ты её где-то выронил
1###У мамонта хороший бал, как будто бы он император Не могу посчитать деньги, дайте кто-нить калькулятор
0###Эй-эй-эй, я ёбаная падла Я проебал двести к рублей на аборты — это правда
0###Я под бухлом не мог выебать тёлку — у меня хуй падал
0###Мой опп не влюблён в меня, но у него бабочки в животике Вы уёбки, на вас будут крестики, если вы нолики
0###Я не знаю где моя бывшая, её наверное ебут где-то Я убил типа, пока он был на студии — его песенка спета
0###Жопа моей тёлки такая большая — я прячу там нароктики (крэк)
0###Я не мог дышать, я думал, я умру — я хапнул реагента Я не пидор, ты можешь меня проверить на рентген, бро
1###Обожаю девочек, двенадцать к за yeyo Я гопник, но без семечек, но щёлкаю на бирже
0###Она не даёт вынуть, пока не кончу — ей нравится мой хуй
1###У тебя стилёк говно, — на джинсах подвороты стрёмные Я беру от жизни всё, заберу даже её годы
0###Эй, мой автомат убивал людей — у тебя рэп-пушка Твоя тёлка — подруга блядей — у тебя рэп-шлюшка
0###Я слил с хаты пол кило метана, — она плохо сосёт, с ней душно По-по, ыр — ему в ебало, я его шлепнул
1###И сам как пустой универсам, с тобою всё понятно Твой стиль — это бросать говно на вентилятор
0###Шмара просит в голову, исчерпал лимит её  Просит кинуть за щеку, кинул в неё артритом
1###Морожу всех профессионально, будто родом с Севера У меня весь прикуп, поэтому ждут семеро
1###Хоть я сам и лысый, но живу я кучеряво Золотая перхоть под кепкой Loro Piana
0###У меня очень красивая девушка, но, извини, я люблю мефедрон
0###Я вкинул пару таблеток и выпил Martini, надеюсь, что это не финиш,  Я не хочу ебать эту шалаву — от неё воняет, как будто пингвин
0###У моего автомата хуй, мои оппы думают, я уебан и кретин Я ебал её, там играл Weeknd, твой рэп древний, будто ты викинг
0###Я кончаю ей прям меж титек, мой ребёнок из неё вытек, эй
0###У твоей тёлки огромная дырка, я могу войти в неё кулаком Ты её любишь, а я её трахал, парень, каково быть мудаком
1###Да, эти рэперы в моей группе, они говорят моим языком 
0###Я хочу выебать тебя прям ща, я не буду ебать потом  Ты раньше был сукой, а щас ты жёсткий, как будто трансгендер
1###Да, я умру богатым, но люди знают, что я рождён бедным
0###У меня младший брат, и я дал ему тягу, и он уже пизда
0###Дал по ебалу типу, теперь у него скулы как будто бы у Моргенштерна У меня бро превратил наркоту, он чё, Эйнштейн, бля?
1###Ко мне, детка иди ко мне, без тебя дико мне, детка иди ко мне Ко мне, я лучше твоих парней, лучше твоих парней, лучше твоих парней
1###Я умираю ради твоей любви Мне очень плохо — позвони Я закрыл окна и я один В маленькой комнате я один
1###Я просто хочу твоего доверия, но я знаю, что его не добьюсь Давай скажи, что я тщеславен, давай скажи типо мол я в тебе не нуждаюсь
1###Я клянусь, я такими темпами сам себя сторчу Ты будешь в моей голове даже когда я умру
1###Поговори со мной, а то моя грудная клетка детонирует Как я могу вообще не употреблять, но рядом видеть её силуэт
1###Как ты вообще можешь мне доверять, ведь никого холоднее нет У меня шок, у меня шок, как я мог тебе наврать?
0###Шлюхи на моём хуе, если хочешь, я могу сказать им, что надо уйти У меня нет BMW, но другие три буквы есть, могу тебя прокатить
0###
0###
0###
0###
0###
0###
0###
0###
0###
0###
0###
0###
0###
0###
0###
0###
